{
  "project_info": {
    "project_number": "586714061891",
    "project_id": "quiz-mania-3ec6f",
    "storage_bucket": "quiz-mania-3ec6f.appspot.com"
  },
  "client": [
    {
      "client_info": {
        "mobilesdk_app_id": "1:586714061891:android:b25f5befda21d59a8008f6",
        "android_client_info": {
          "package_name": "com.example.quizmania"
        }
      },
      "oauth_client": [],
      "api_key": [
        {
          "current_key": "AIzaSyDV4BUpuxe_zFPZ4YRmN9HgsxjRKIndOZM"
        }
      ],
      "services": {
        "appinvite_service": {
          "other_platform_oauth_client": []
        }
      }
    }
  ],
  "configuration_version": "1"
}